{
  "lstm_gw": {
    "MAE": 0.6762340422177107,
    "RMSE": 0.8115209726279448,
    "R2": -0.5221448318138739,
    "MAPE": 0.11363759497969438,
    "KGE": -0.8198278014359137,
    "NSE": -0.5221448318138739
  },
  "lstm_no": {
    "MAE": 0.5380170860661451,
    "RMSE": 0.6640211805185372,
    "R2": -0.0191083177531417,
    "MAPE": 0.09508470850647388,
    "KGE": -0.18766905534069633,
    "NSE": -0.0191083177531417
  },
  "arima_gw": {
    "MAE": 0.5845834308492004,
    "RMSE": 0.6866976955518991,
    "R2": -0.08990253148396232,
    "MAPE": 0.10457199315255382,
    "KGE": -0.16804642555494076,
    "NSE": -0.08990253148396232
  },
  "arima_no": {
    "MAE": 0.8789461149783194,
    "RMSE": 1.0875559220252193,
    "R2": -1.7337555423538458,
    "MAPE": 0.14201371408859334,
    "KGE": -0.8067712695721563,
    "NSE": -1.7337555423538458
  }
}