{
  "lstm_gw": {
    "MAE": 0.5203491874495938,
    "RMSE": 0.6194947277058848,
    "R2": -0.8343426486890151,
    "MAPE": 0.06385907381693655,
    "KGE": -0.8372217135221411,
    "NSE": -0.8343426486890151
  },
  "lstm_no": {
    "MAE": 0.5255070034183844,
    "RMSE": 0.5979521323392103,
    "R2": -0.7089842971647338,
    "MAPE": 0.06563078008129983,
    "KGE": -0.5398886253593043,
    "NSE": -0.7089842971647338
  },
  "arima_gw": {
    "MAE": 0.9211247285412824,
    "RMSE": 1.0288050908299575,
    "R2": -4.059078794842361,
    "MAPE": 0.11862742675156854,
    "KGE": -0.2100704743066497,
    "NSE": -4.059078794842361
  },
  "arima_no": {
    "MAE": 0.3620021491126875,
    "RMSE": 0.46298471151034976,
    "R2": -0.024562685114263072,
    "MAPE": 0.04420706752039705,
    "KGE": 0.04872166774262787,
    "NSE": -0.024562685114263072
  }
}