{
  "lstm_gw": {
    "MAE": 0.5013660299738044,
    "RMSE": 0.589469570617791,
    "R2": -0.660840843151081,
    "MAPE": 0.062318146592105245,
    "KGE": -0.9610984369423352,
    "NSE": -0.660840843151081
  },
  "lstm_no": {
    "MAE": 0.3966898469090258,
    "RMSE": 0.4936645402276318,
    "R2": -0.1648475768006672,
    "MAPE": 0.048526681175039436,
    "KGE": -0.13966672947208592,
    "NSE": -0.1648475768006672
  },
  "arima_gw": {
    "MAE": 0.9211247285412824,
    "RMSE": 1.0288050908299575,
    "R2": -4.059078794842361,
    "MAPE": 0.11862742675156854,
    "KGE": -0.2100704743066497,
    "NSE": -4.059078794842361
  },
  "arima_no": {
    "MAE": 0.3620021491126875,
    "RMSE": 0.46298471151034976,
    "R2": -0.024562685114263072,
    "MAPE": 0.04420706752039705,
    "KGE": 0.04872166774262787,
    "NSE": -0.024562685114263072
  }
}