{
  "lstm_gw": {
    "MAE": 1.3563056619767908,
    "RMSE": 1.423658245220706,
    "R2": -14.461086880856282,
    "MAPE": 0.7856756578108804,
    "KGE": -0.21717948263417974,
    "NSE": -14.461086880856282
  },
  "lstm_no": {
    "MAE": 0.2755771715707568,
    "RMSE": 0.39804652095004656,
    "R2": -0.20863784835098076,
    "MAPE": 0.14586459183118752,
    "KGE": 0.08310285832098208,
    "NSE": -0.20863784835098076
  },
  "arima_gw": {
    "MAE": 0.6528831006213529,
    "RMSE": 0.6963224492734782,
    "R2": -2.698701803860917,
    "MAPE": 0.3876116343461051,
    "KGE": -0.23859690181524607,
    "NSE": -2.698701803860917
  },
  "arima_no": {
    "MAE": 0.41525110662408476,
    "RMSE": 0.5147609108713687,
    "R2": -1.0213412860444677,
    "MAPE": 0.20547680110459215,
    "KGE": -0.27952044697965417,
    "NSE": -1.0213412860444677
  }
}