{
  "lstm_gw": {
    "MAE": 1.0693505596920416,
    "RMSE": 1.1293121281241463,
    "R2": -8.728738041971477,
    "MAPE": 0.6215199521295014,
    "KGE": -0.11587274101709655,
    "NSE": -8.728738041971477
  },
  "lstm_no": {
    "MAE": 0.3151399907257584,
    "RMSE": 0.40131686166197444,
    "R2": -0.22857971354824302,
    "MAPE": 0.17710331953877356,
    "KGE": -0.037282349061280806,
    "NSE": -0.22857971354824302
  },
  "arima_gw": {
    "MAE": 0.6528831006213529,
    "RMSE": 0.6963224492734782,
    "R2": -2.698701803860917,
    "MAPE": 0.3876116343461051,
    "KGE": -0.23859690181524607,
    "NSE": -2.698701803860917
  },
  "arima_no": {
    "MAE": 0.41525110662408476,
    "RMSE": 0.5147609108713687,
    "R2": -1.0213412860444677,
    "MAPE": 0.20547680110459215,
    "KGE": -0.27952044697965417,
    "NSE": -1.0213412860444677
  }
}